{"cameraMode":{"drawMode":0,"name":"Shaded","section":"Shading Mode"},"sceneLighting":true,"audioPlay":false,"sceneViewState":{"showFog":false,"showMaterialUpdate":false,"showSkybox":true,"showFlares":true,"showImageEffects":true,"showParticleSystems":true},"in2DMode":false,"pivot":{"x":-56.647796630859378,"y":32.221412658691409,"z":44.1497688293457},"rotation":{"x":0.0836271196603775,"y":0.8856577277183533,"z":-0.1757705807685852,"w":0.42161625623703005},"size":22.0,"orthographic":false}