{"cameraMode":{"drawMode":0,"name":"Shaded","section":"Shading Mode"},"sceneLighting":true,"audioPlay":false,"sceneViewState":{"showFog":false,"showMaterialUpdate":false,"showSkybox":true,"showFlares":true,"showImageEffects":true,"showParticleSystems":true},"in2DMode":false,"pivot":{"x":-0.45993804931640627,"y":0.4091348648071289,"z":1.0956213474273682},"rotation":{"x":0.09933923929929733,"y":0.70461106300354,"z":-0.10065969824790955,"w":0.6953678727149963},"size":35.810768127441409,"orthographic":false}