{"cameraMode":{"drawMode":0,"name":"Shaded","section":"Shading Mode"},"sceneLighting":true,"audioPlay":false,"sceneViewState":{"showFog":false,"showMaterialUpdate":false,"showSkybox":true,"showFlares":true,"showImageEffects":true,"showParticleSystems":true},"in2DMode":false,"pivot":{"x":-49.961341857910159,"y":24.50151252746582,"z":13.568925857543946},"rotation":{"x":0.21555384993553163,"y":0.6618398427963257,"z":-0.20756648480892182,"w":0.6873428821563721},"size":52.81450271606445,"orthographic":false}