{"cameraMode":{"drawMode":0,"name":"Shaded","section":"Shading Mode"},"sceneLighting":true,"audioPlay":false,"sceneViewState":{"showFog":false,"showMaterialUpdate":false,"showSkybox":true,"showFlares":true,"showImageEffects":true,"showParticleSystems":true},"in2DMode":false,"pivot":{"x":9.827285766601563,"y":1.3658294677734376,"z":52.10487365722656},"rotation":{"x":0.043251875787973407,"y":0.9540047645568848,"z":-0.24349352717399598,"w":0.16945962607860566},"size":52.81450271606445,"orthographic":false}